Runs,Mins,BF,4s,6s,SR,Pos,Dismissal,Inns,bowler name,bowler type dismissed,vs,Ground,Start Date,Home-Away,Match Result
28,28,19,5,0,147.36,1,out,1,J Botha,spin,South Africa,Durban,09-Jan-11,Away,Won
14,15,12,2,0,116.66,3,out,1,D J G Sammy,seam,West Indies,Port of Spain,04-Jun-11,Away,Won
4,5,5,0,0,80,4,out,1,S C J Broad,seam,England,Manchester,31-Aug-11,Away,Lost
15,21,16,3,0,93.75,3,out,1,T T Bresnan,seam,England,Kolkata,29-Oct-11,Home,Lost
22,30,21,0,1,104.76,3,out,2,G B Hogg,spin,Australia,Sydney,01-Feb-12,Away,Lost
31,29,24,3,0,129.16,3,out,2,M R Marsh,seam,Australia,Melbourne,03-Feb-12,Away,Won
68,65,48,11,1,141.66,3,out,1,R M S Eranga,seam,Sri Lanka,Pallekele,07-Aug-12,Away,Won
70,67,41,10,1,170.73,2,out,2,J E C Franklin,seam,New Zealand,Chennai,11-Sep-12,Home,Lost
40,33,32,6,0,125,3,out,1,G P Swann,spin,England,Colombo (RPS),23-Sep-12,Away,Won
15,18,13,2,0,115.38,3,out,1,P J Cummins,seam,Australia,Colombo (RPS),28-Sep-12,Away,Lost
78,61,61,8,2,127.86,3,not out,2,null,null,Pakistan,Colombo (RPS),30-Sep-12,Away,Won
2,5,6,0,0,33.33,3,out,1,J H Kallis,seam,South Africa,Colombo (RPS),02-Oct-12,Away,Won
21,35,17,2,0,123.52,3,out,2,S C Meaker,seam,England,Pune,20-Dec-12,Home,Won
38,25,20,7,0,190,3,out,1,S C Meaker,seam,England,Wankhede,22-Dec-12,Home,Lost
9,15,11,1,0,81.81,3,out,1,Mohammad Irfan,seam,Pakistan,Bengaluru,25-Dec-12,Home,Lost
27,31,22,3,0,122.72,3,out,1,null,null,Pakistan,Ahmedabad,28-Dec-12,Home,Won
29,26,22,2,1,131.81,4,out,2,C J McKay,seam,Australia,Rajkot,10-Oct-13,Home,Won
36,45,32,4,1,112.5,3,not out,2,null,null,Pakistan,Mirpur,21-Mar-14,Away,Won
54,51,41,5,1,131.7,3,out,2,A D Russell,seam,West Indies,Mirpur,23-Mar-14,Away,Won
57,66,50,3,1,114,3,not out,2,null,null,Bangladesh,Mirpur,28-Mar-14,Away,Won
23,23,22,2,1,104.54,3,out,1,J M Muirhead,spin,Australia,Mirpur,30-Mar-14,Away,Won
72,67,44,5,2,163.63,3,not out,2,null,null,South Africa,Mirpur,04-Apr-14,Away,Won
77,75,58,5,4,132.75,3,out,1,null,null,Sri Lanka,Mirpur,06-Apr-14,Away,Lost
66,54,41,9,1,160.97,3,out,2,S T Finn,seam,England,Birmingham,07-Sep-14,Away,Lost
43,58,27,1,3,159.25,3,out,1,K J Abbott,seam,South Africa,Dharamsala,02-Oct-15,Home,Lost
1,3,1,0,0,100,3,out,1,null,null,South Africa,Cuttack,05-Oct-15,Home,Lost
90,71,55,9,2,163.63,3,not out,1,null,null,Australia,Adelaide,26-Jan-16,Away,Won
59,44,33,7,1,178.78,3,not out,1,null,null,Australia,Melbourne,29-Jan-16,Away,Won
50,49,36,2,1,138.88,3,out,2,C J Boyce,spin,Australia,Sydney,31-Jan-16,Away,Won
7,13,12,1,0,58.33,3,out,1,Mashrafe Mortaza,seam,Bangladesh,Mirpur,24-Feb-16,Away,Won
49,71,51,7,0,96.07,3,out,2,Mohammad Sami,seam,Pakistan,Mirpur,27-Feb-16,Away,Won
56,85,47,7,0,119.14,3,not out,2,null,null,Sri Lanka,Mirpur,01-Mar-16,Away,Won
41,62,28,5,0,146.42,3,not out,2,null,null,Bangladesh,Mirpur,06-Mar-16,Away,Won
23,0,27,2,0,85.18,3,out,2,I S Sodhi,spin,New Zealand,Nagpur,15-Mar-16,Home,Lost
55,66,37,7,1,148.64,3,not out,2,null,null,Pakistan,Kolkata,19-Mar-16,Home,Won
24,37,24,0,1,100,3,out,1,Shuvagata Hom,spin,Bangladesh,Bengaluru,23-Mar-16,Home,Won
82,78,51,9,2,160.78,3,not out,2,null,null,Australia,Mohali,27-Mar-16,Home,Won
89,63,47,11,1,189.36,3,not out,1,null,null,West Indies,Wankhede,31-Mar-16,Home,Lost
16,8,9,3,0,177.77,3,out,2,D J Bravo,seam,West Indies,Lauderhill,27-Aug-16,Away,Lost
29,34,26,4,0,111.53,1,out,1,M M Ali,spin,England,Kanpur,26-Jan-17,Home,Lost
21,17,15,2,1,140,1,out,1,C J Jordan,seam,England,Nagpur,29-Jan-17,Home,Won
2,6,4,0,0,50,1,out,1,null,null,England,Bengaluru,01-Feb-17,Home,Won
39,-,22,7,1,177.27,1,out,1,K O K Williams,seam,West Indies,Kingston,09-Jul-17,Away,Lost
82,-,54,7,1,151.85,3,out,2,I Udana,seam,Sri Lanka,Colombo (RPS),06-Sep-17,Away,Won
22,19,14,3,0,157.14,3,not out,2,null,null,Australia,Ranchi,07-Oct-17,Home,Won
0,2,2,0,0,0,3,out,1,J P Behrendorff,seam,Australia,Guwahati,10-Oct-17,Home,Lost
26,19,11,0,3,236.36,4,not out,1,null,null,New Zealand,Delhi,01-Nov-17,Home,Won
65,59,42,8,1,154.76,4,out,2,M J Santner,spin,New Zealand,Rajkot,04-Nov-17,Home,Lost
13,6,6,1,1,216.66,3,out,1,I S Sodhi,spin,New Zealand,Thiruvananthapuram,07-Nov-17,Home,Won
26,26,20,2,1,130,4,out,1,T Shamsi,spin,South Africa,Johannesburg,18-Feb-18,Away,Won
1,6,5,0,0,20,4,out,1,C J Dala,seam,South Africa,Centurion,21-Feb-18,Away,Lost
20,-,22,0,1,90.9,4,not out,2,null,null,England,Manchester,03-Jul-18,Away,Won
47,-,38,1,2,123.68,4,out,1,D J Willey,seam,England,Cardiff,06-Jul-18,Away,Lost
43,-,29,2,2,148.27,4,out,2,C J Jordan,seam,England,Bristol,08-Jul-18,Away,Won
4,-,8,0,0,50,4,out,2,A Zampa,spin,Australia,Brisbane,21-Nov-18,Away,Lost
61,-,41,4,2,148.78,3,not out,2,null,null,Australia,Sydney,25-Nov-18,Away,Won
24,25,17,3,0,141.17,3,out,1,A Zampa,spin,Australia,Visakhapatnam,24-Feb-19,Home,Lost
72,63,38,2,6,189.47,3,not out,1,null,null,Australia,Bengaluru,27-Feb-19,Home,Lost
19,-,29,1,0,65.51,3,out,2,S S Cottrell,seam,West Indies,Lauderhill,03-Aug-19,Away,Won
28,-,23,1,1,121.73,3,out,1,S S Cottrell,seam,West Indies,Lauderhill,04-Aug-19,Away,Won
59,-,45,6,0,131.11,3,out,2,O R Thomas,seam,West Indies,Providence,06-Aug-19,Away,Won
72,66,52,4,3,138.46,3,not out,2,null,null,South Africa,Mohali,18-Sep-19,Home,Won
9,28,15,0,0,60,3,out,1,K Rabada,seam,South Africa,Bengaluru,22-Sep-19,Home,Lost
94,-,50,6,6,188,3,not out,2,null,null,West Indies,Hyderabad (Deccan),06-Dec-19,Home,Won
19,-,17,2,0,111.76,4,out,1,K O K Williams,seam,West Indies,Thiruvananthapuram,08-Dec-19,Home,Lost
70,-,29,4,7,241.37,4,not out,1,null,null,West Indies,Wankhede,11-Dec-19,Home,Won
30,-,17,1,2,176.47,4,not out,2,null,null,Sri Lanka,Indore,07-Jan-20,Home,Won
26,-,17,2,1,152.94,6,out,1,null,null,Sri Lanka,Pune,10-Jan-20,Home,Won
45,-,32,3,1,140.62,3,out,2,B M Tickner,seam,New Zealand,Auckland,24-Jan-20,Away,Won
11,21,12,1,0,91.66,3,out,2,T G Southee,seam,New Zealand,Auckland,26-Jan-20,Away,Won
38,31,27,2,1,140.74,4,out,1,H K Bennett,seam,New Zealand,Hamilton,29-Jan-20,Away,Won
11,16,9,2,0,122.22,3,out,1,H K Bennett,seam,New Zealand,Wellington,31-Jan-20,Away,Won
9,-,9,1,0,100,3,out,1,M J Swepson,spin,Australia,Canberra,04-Dec-20,Away,Won
40,-,24,2,2,166.66,3,out,2,D R Sams,seam,Australia,Sydney,06-Dec-20,Away,Won
85,-,61,4,3,139.34,3,out,2,A J Tye,seam,Australia,Sydney,08-Dec-20,Away,Lost
0,6,5,0,0,0,3,out,1,A U Rashid,spin,England,Ahmedabad,12-Mar-21,Home,Lost
73,85,49,5,3,148.97,3,not out,2,null,null,England,Ahmedabad,14-Mar-21,Home,Won
77,80,46,8,4,167.39,4,not out,1,null,null,England,Ahmedabad,16-Mar-21,Home,Lost
1,3,5,0,0,20,4,out,1,A U Rashid,spin,England,Ahmedabad,18-Mar-21,Home,Won
80,103,52,7,2,153.84,2,not out,1,null,null,England,Ahmedabad,20-Mar-21,Home,Won
57,94,49,5,1,116.32,3,out,1,Shaheen Shah Afridi,seam,Pakistan,Dubai (DSC),24-Oct-21,Away,Lost
9,20,17,0,0,52.94,4,out,1,I S Sodhi,spin,New Zealand,Dubai (DSC),31-Oct-21,Away,Lost
17,25,13,1,0,130.76,3,out,2,F A Allen,spin,West Indies,Kolkata,16-Feb-22,Home,Won
52,57,41,7,1,126.82,3,out,1,R L Chase,spin,West Indies,Kolkata,18-Feb-22,Home,Won
1,8,3,0,0,33.33,3,out,1,R J Gleeson,seam,England,Birmingham,09-Jul-22,Away,Won
11,8,6,1,1,183.33,3,out,2,D J Willey,seam,England,Nottingham,10-Jul-22,Away,Lost
35,47,34,3,1,102.94,3,out,2,Mohammad Nawaz,spin,Pakistan,Dubai (DSC),28-Aug-22,Away,Won
60,77,44,4,1,136.36,3,out,1,null,null,Pakistan,Dubai (DSC),04-Sep-22,Away,Lost
0,6,4,0,0,0,3,out,1,L D Madushanka,seam,Sri Lanka,Dubai (DSC),06-Sep-22,Away,Lost
2,12,7,0,0,28.57,3,out,1,N Ellis,seam,Australia,Mohali,20-Sep-22,Home,Lost
11,-,6,2,0,183.33,3,out,2,A Zampa,spin,Australia,Nagpur,23-Sep-22,Home,Won
63,89,48,3,4,131.25,3,out,2,D R Sams,seam,Australia,Hyderabad (Deccan),25-Sep-22,Home,Won
3,19,9,0,0,33.33,3,out,2,A Nortje,seam,South Africa,Thiruvananthapuram,28-Sep-22,Home,Won
49,56,28,7,1,175,3,not out,1,null,null,South Africa,Guwahati,02-Oct-22,Home,Won
82,98,53,6,4,154.71,3,not out,2,null,null,Pakistan,Melbourne,23-Oct-22,Away,Won
